name,code,color,height,img_name,price,country
АВЕНСИС,225,белый,240,ec17b2b3761274fb5e7ff78a61df09b3.jpg,1762.18,ГЕРМАНИЯ
АВЕНСИС,1908,черный,240,8d9c8e2b7a2e2071dc0787e25d372e2d.jpg,1762.18,ГЕРМАНИЯ
АЖУР,225,белый,220,49568c1bb0dd2bc08fdb53412cd1529e.jpg,727.90,КИТАЙ
АЖУР,1608,св. серый,220,e2f896ca0d750c33d4ef357e96ebaf13.jpg,727.90,КИТАЙ
АЖУР,2261,св. бежевый,220,337b9d5ace81ad6fd09b95fa2b1f3f50.jpg,727.90,КИТАЙ
АЖУР,2868,св. коричневый,220,acdf39bcf3ce6d51b2918cf317be5794.jpg,727.90,КИТАЙ
АЖУР,3209,св. желтый,220,a05c5309fe4ab17b0f042a7c47524a0d.jpg,727.90,КИТАЙ
АЖУР,3465,желтый,220,791c5d9877c4aa343f73585040b4f562.jpg,727.90,КИТАЙ
АЖУР,3499,оранжевый,220,7dcb5d4ecce019108dd7ec1e596f63c4.jpg,727.90,КИТАЙ
АЖУР,4063,персиковый,220,be7beb1719e4f431db2f1cabfede61d7.jpg,727.90,КИТАЙ
АЖУР,4075,красный,220,97bdaa1ff38fe16d26e34b9434634998.jpg,727.90,КИТАЙ
АЖУР,4524,коралл,220,6bd42c1bd024b6ca27fe4c8cd73a47b0.jpg,727.90,КИТАЙ
АЖУР,5252,т. голубой,220,d1e6f52d665712f98600244283dc6dd3.jpg,727.90,КИТАЙ
АЖУР,5540,мята,220,d7055a86fadbc1e75c1888255ce425df.jpg,727.90,КИТАЙ
АЖУР,5612,бирюзовый,220,c36a7da0c8c23dec83e987fdfcbfdba0.jpg,727.90,КИТАЙ
АЖУР,5853,салатовый,220,68ffe18498112d189fda12026f8e044b.jpg,727.90,КИТАЙ
АЛИСА BLACK-OUT,225,белый,250,fb6b3e0561ddbf6fddfc000637aed7ac.jpg,4895.44,ГОЛЛАНДИЯ
АЛЛЕЯ,225,белый,250,4eaf11436b06e9a0fecdcb9985dad62f.jpg,1723.21,КИТАЙ
АЛЛЕЯ,2406,бежевый,250,578f385d40b87422c97c1306661a0750.jpg,1723.21,КИТАЙ
АЛЛЕЯ,2871,темно-коричневый,250,8df1d86669aaa3dbee7e0762bd80881d.jpg,1723.21,КИТАЙ
АЛЬМЕРИЯ,225,белый,240,768285b0eeab9c162e48b3a99bba9430.jpg,940.39,КИТАЙ
АЛЬФА,225,белый,200,87f8e5d348aaf21504c5f4c7d91452b2.jpg,699.10,КИТАЙ
АЛЬФА,225,белый,250,14a897740101ef386d66de9700c315db.jpg,699.10,КИТАЙ
АЛЬФА,1852,серый,200,088d62641e3b8f59535d2e3247c6773b.jpg,699.10,КИТАЙ
АЛЬФА,1852,серый,250,53797db17e07cdca2a9e7c69bcaf9e92.jpg,699.10,КИТАЙ
АЛЬФА,1881,т.серый,200,0b7f8993b5bfe4e6a9225d88e7a8c621.jpg,699.10,КИТАЙ
АЛЬФА,1908,черный,200,490de72f0476558ac69b6a3fd660d1d3.jpg,699.10,КИТАЙ
АЛЬФА,2261,бежевый,200,69e9867ad008af506f3a50f6cc8fe4b8.jpg,699.10,КИТАЙ
АЛЬФА,2261,бежевый,250,2698a95af805cbae88d65023a85f1327.jpg,699.10,КИТАЙ
АЛЬФА,2853,терракота,200,bb6570556cecf5346f01f460a29d2b60.jpg,699.10,КИТАЙ
АЛЬФА,2871,т.коричневый,200,f3350a0837f36077b0064ee267cea7af.jpg,699.10,КИТАЙ
АЛЬФА,3310,желтый,200,e3cf078143a35cbab70f671e0991512b.jpg,699.10,КИТАЙ
АЛЬФА,3465,ярко-желтый,200,4c2288b064e81bffdeb9eafe20307394.jpg,699.10,КИТАЙ
АЛЬФА,4075,красный,200,beed2b0d7ed04a144f4eec51a0a95501.jpg,699.10,КИТАЙ
АЛЬФА,4082,розовый,200,7ff2cccafe1cc5569d73959c93d81abf.jpg,699.10,КИТАЙ
АЛЬФА,4200,малина,200,fea4a93d512cc67ae92d18a56e88c4aa.jpg,699.10,КИТАЙ
АЛЬФА,4240,персиковый,200,bbf9bb3f1c80d904a4dd3bb085c28388.jpg,699.10,КИТАЙ
АЛЬФА,4240,персиковый,250,f334adeb87f3d6833849752c955a63b7.jpg,699.10,КИТАЙ
АЛЬФА,4261,св.оранжевый,200,733dd96ead42b940a9b8ffe6c53e34e2.jpg,699.10,КИТАЙ
АЛЬФА,4290,оранжевый,200,0bc15ed8a28a7a81d79b0b561dd39bd2.jpg,699.10,КИТАЙ
АЛЬФА,5173,голубой,200,902b8b2ed55c63b637f49075b214845b.jpg,699.10,КИТАЙ
АЛЬФА,5300,синий,200,de2e962171ad6763c2fab76c65111df2.jpg,699.10,КИТАЙ
АЛЬФА,5713,фисташковый ,200,6366745259a92860c14ba56317dee083.jpg,699.10,КИТАЙ
АЛЬФА,5850,зеленый,200,6b9a10a8481efba90d25fd11605cbd29.jpg,699.10,КИТАЙ
АЛЬФА,5992,бирюзовый,200,61c06ff5c61d7ffb50e484d3223ee3b1.jpg,699.10,КИТАЙ
АЛЬФА ALU BLACK-OUT,225,белый,250,df118420b81571f2e25063eefbed0183.png,1097.70,КИТАЙ
АЛЬФА ALU BLACK-OUT,1852,серый,250,27fc8b19f52151657559f31c3f7a8bea.png,1097.70,КИТАЙ
АЛЬФА ALU BLACK-OUT,1881,т. серый,250,240d85f37cbbac95f5423ef900b06460.png,1097.70,КИТАЙ
АЛЬФА ALU BLACK-OUT,2261,св. бежевый,250,5bb9ecd51badb62f77d5ba165642a645.png,1097.70,КИТАЙ
АЛЬФА ALU BLACK-OUT,2406,бежевый,250,6ed04ae51fe8c643a3f9add1e5a017b5.jpg,1097.70,КИТАЙ
АЛЬФА ALU BLACK-OUT,2868,св. коричневый,250,0ef8e0c7cface706e6ce1ea7e6bf1a6c.jpg,1097.70,КИТАЙ
АЛЬФА ALU BLACK-OUT,2871,т. коричневый,250,a60b20f2ac0143d30491b904ed3659a3.png,1097.70,КИТАЙ
АЛЬФА BLACK-OUT,225,белый,250,d6207132d910e96ae5048dbf012bfde7.jpg,1506.69,КИТАЙ
АЛЬФА BLACK-OUT,1852,серый,250,f1f4f38f8da58c9ed7b524ff49ce01af.jpg,1506.69,КИТАЙ
АЛЬФА BLACK-OUT,1908,черный,250,fac4ea89d55858ec892858ddced8ff07.jpg,1506.69,КИТАЙ
АЛЬФА BLACK-OUT,2261,бежевый,250,b4609a137a6b6b1046702a6d3d1e691f.jpg,1506.69,КИТАЙ
АЛЬФА BLACK-OUT,2746,т.бежевый,250,10905861f115d123788b84c9dd9dbbc2.jpg,1506.69,КИТАЙ
АЛЬФА BLACK-OUT,2868,св.коричневый,250,75897ae18ade95c27dcc2ecc888fe1ef.jpg,1506.69,КИТАЙ
АЛЬФА BLACK-OUT,4240,персиковый,250,233cc02ed66461bb5f8b0b03e526c895.jpg,1506.69,КИТАЙ
АЛЬФА BLACK-OUT,5173,голубой,250,6e8165125ac90c850a6d052381b7e94a.jpg,1506.69,КИТАЙ
АЛЬФА BLACK-OUT,5300,синий,250,db0efab31e52227db65b608ae8e7b8eb.jpg,1506.69,КИТАЙ
АЛЬФА BLACK-OUT,5850,зеленый,250,7dc8a48672f635b00181cc77d45499ca.jpg,1506.69,КИТАЙ
АНЖУ,1608,св.серый,200,21546c6c0c67483b0e2a78755908a86c.jpg,2756.44,ГЕРМАНИЯ
АНЖУ,2261,св.бежевый,200,f0e7a394c3f35aaf856deec2e91d7564.jpg,2756.44,ГЕРМАНИЯ
АНЖУ,4284,лиловый,200,bebe71449bdc4338479528f83fd45876.jpg,2756.44,ГЕРМАНИЯ
АНТАРЕС BLACK-OUT,225,белый,300,2f6cfcb5d71237b3a4abd2fa3399a79d.jpg,3987.65,ГЕРМАНИЯ
АНТАРЕС BLACK-OUT,1608,св. серый,300,939b051334504fef16ab1c08801b4af8.jpg,3987.65,ГЕРМАНИЯ
АНТАРЕС BLACK-OUT,1852,серый,300,d91da106d592774b0ee1e595f3fe4f1e.jpg,3987.65,ГЕРМАНИЯ
АНТАРЕС BLACK-OUT,2261,св. бежевый,300,070d05f45f234ae3db1688d9fc798c32.jpg,3987.65,ГЕРМАНИЯ
АРИАДНА,225,белый,195,548b72a28d18b2ed42f5338e695dd654.jpg,1707.40,ГЕРМАНИЯ
БАБОЧКИ,4082,розовый,200,e1dd03b2c809d0fcba0c9ff9bb368753.jpg,1815.71,ГЕРМАНИЯ
БАМБУК,2259,магнолия,240,0a74dc311739b5fb90f1778e56005355.jpg,1014.14,КИТАЙ
БЛЮЗ,225,белый,200,1a7d7228a5f3f4ec36d6d543da2e81b9.jpg,1366.55,ТУРЦИЯ
БОСТОН,2259,магнолия,250,2efacb75a45005b11a1fd4692a6edb30.jpg,2328.83,ТУРЦИЯ
БОСТОН,2261,св. бежевый,250,96d323537629407062d1c2eee55b3cab.jpg,2328.83,ТУРЦИЯ
БОСТОН,2406,бежевый,250,17ac1d75012294e4ad98bf0f701f2c68.jpg,2328.83,ТУРЦИЯ
БОСТОН,2868,св. коричневый,250,c3e5df214ce02542c6fedeaf65ad0af6.jpg,2328.83,ТУРЦИЯ
БУХАРА BLACK-OUT,7013,серебро,210,88139f9c75eb5ca837620b788cdda6dc.jpg,2641.36,ТУРЦИЯ
БУХАРА BLACK-OUT,7122,золото,210,108d4555003ce6974095821dec6730dc.jpg,2641.36,ТУРЦИЯ
БЬЯНКА,225,белый,240,8610877489796df5719efc8690c2c97d.jpg,1590.58,ГЕРМАНИЯ
ВЕНЕЦИЯ,225,белый,240,5aa1799127024803dec36fa1b0778528.jpg,3058.17,ГЕРМАНИЯ
ВЕНЕЦИЯ,1852,серый,240,b3a3f10491f576dcbcdcfd6ed9c7436b.jpg,3058.17,ГЕРМАНИЯ
ВИНТАЖ,225,белый,200,a044cef9e57609b03b154952c5fd4cca.jpg,1366.55,ТУРЦИЯ
ВУАЛЬ,225,белый,240,d489c08997db2a1b2464de21df145a2d.png,1916.92,ГЕРМАНИЯ
ГАВАНА,2259,светло-бежевый,240,8c8c0b1978a7122ae2c3f498a5208969.png,3910.66,ГЕРМАНИЯ
ГАВАНА,4300,терракота,240,c5dcf84b92924289ffbef398a84f1a81.png,3910.66,ГЕРМАНИЯ
ГАРМОНИЯ,225,белый,180,19806920e9c49e1ed6db655df4a8069a.jpg,728.30,ТАЙВАНЬ
ГАРМОНИЯ,2550,кремовый,180,0b97a658742ca62753f3c68cba3b7ebe.jpg,728.30,ТАЙВАНЬ
ГАРМОНИЯ,2850,св.коричневый,180,322dc7e4275781b3fc6a01971a966d72.jpg,728.30,ТАЙВАНЬ
ГАРМОНИЯ,4300,терракота,180,2245072ddcdc5ae875c2799ef2907e89.jpg,728.30,ТАЙВАНЬ
ГЛИТТЕР,225,белый,240,725ccda0e5048053b24710e43dd660a4.jpg,2930.99,ГЕРМАНИЯ
ГЛИТТЕР,1852,серый,240,0d0fd902efbf0caac6ddfa323a1bc021.jpg,2930.99,ГЕРМАНИЯ
ГЛИТТЕР,1854,графит,240,c58e4246dbcfbfb27ac6215a948e4912.jpg,2930.99,ГЕРМАНИЯ
ГЛИТТЕР,2406,бежевый,240,fb877704a4cad1f07f322b6d05073744.jpg,2930.99,ГЕРМАНИЯ
ГЛИТТЕР BLACK-OUT,225,белый,240,471fb21d57a0a188631a94efaff75834.jpg,3645.12,ГЕРМАНИЯ
ГЛИТТЕР BLACK-OUT,1852,серый,240,238a07e6a219c0edb51952066a736fa3.jpg,3645.12,ГЕРМАНИЯ
ГЛИТТЕР BLACK-OUT,2406,бежевый,240,66ba19d1f58ff738639062e1917bd0ae.jpg,3645.12,ГЕРМАНИЯ
ГУАНА,1608,св. серый,200,38dddac6c59ac115c97cabe9d23476e4.jpg,1516.65,ТУРЦИЯ
ГУАНА,2259,магнолия,200,8be9986a0c2c9fd8ac86b62ae32df2c3.jpg,1516.65,ТУРЦИЯ
ГУАНА,2406,бежевый,200,72a9aa9cfa65a13b97d32bc2f1215c16.jpg,1516.65,ТУРЦИЯ
ДАЛЛАС,225,белый,240,70cb14cd73901339b944cf5f65783418.jpg,2539.44,ГЕРМАНИЯ
ДАЛЛАС,1852,серый,240,14a053c953a051b80c50c3499afdcfaf.jpg,2539.44,ГЕРМАНИЯ
ДЕОН,5470,т. синий,240,60930e645e93df758b241f5f53cdcf4f.jpg,2838.69,ГЕРМАНИЯ
ДЖУНГЛИ,225,белый,240,7269b99fa59a02c8a6b2f071145649ec.jpg,2497.30,ГЕРМАНИЯ
ЖЕМЧУГ,2406,бежевый,200,23daff09b3fc7321932dcfe4f32c168e.jpg,1601.69,ГЕРМАНИЯ
ЖЕМЧУГ,3465,золотистый,200,92d09eb1d0189ebc9ee7040a18fb8456.jpg,1601.69,ГЕРМАНИЯ
ЖЕМЧУГ,4063,персиковый,200,2c32a7aca912886f6d9fed358da58f6d.jpg,1601.69,ГЕРМАНИЯ
ЖЕМЧУГ,4284,лиловый,200,f68faecbaf6b7022fd79612f3c8d3c6e.jpg,1601.69,ГЕРМАНИЯ
ЖЕМЧУГ,5540,оливковый,200,923c8810321f10a30d81d320cbc351d8.jpg,1601.69,ГЕРМАНИЯ
ИМПАЛА,2259,св. бежевый,240,4410d7b987adf89ebd1af4611d05c276.jpg,2954.59,ГЕРМАНИЯ
ИМПАЛА,2406,бежевый,240,1bf3a1b0c37e56f13be16479db69f209.jpg,2954.59,ГЕРМАНИЯ
ИМПАЛА,4071,красный,240,71eaae3b3f3ea6ae2c9e4523c1b12891.jpg,2954.59,ГЕРМАНИЯ
ИМПАЛА,5850,зеленый,240,29fe2241bf95c485d58b346737763b81.jpg,2954.59,ГЕРМАНИЯ
ИМПАЛА BLACK-OUT,2406,бежевый,240,8ec065b2cfb3ed8d3527ac578293ad3a.jpg,4153.31,ГЕРМАНИЯ
КАЛИПСО,225,белый,200,8dab278ad7e8e9603b745d767634b7b5.jpg,2590.17,ГЕРМАНИЯ
КАЛИПСО,2261,слоновая кость,200,4fa337efe09e7867492c4877cb448023.jpg,2590.17,ГЕРМАНИЯ
КАЛИПСО,2406,бежевый,200,493db9743267622e68262fabc0f52178.jpg,2590.17,ГЕРМАНИЯ
КАЛИПСО,2871,коричневый,200,ef75c6f73522dd600c9d2b2def1c5d3f.jpg,2590.17,ГЕРМАНИЯ
КАМЕЛИЯ,1608,св. серый,280,a938c7b63698d9342301fcdd67e0ea75.jpg,1566.91,КИТАЙ
КАМЕЛИЯ,2406,св.бежевый,280,554822173fa846e5e8d08c6bf49bcf79.jpg,1566.91,КИТАЙ
КАМЕЛИЯ,4059,розовый,280,08139017d3b30331c8dfd27b3c2629a8.jpg,1566.91,КИТАЙ
КАМЕЛИЯ,4240,персик,280,4237cad430b4c193a674dca80a388a19.jpg,1566.91,КИТАЙ
КАПУР,225,белый,200,4f1be251b7117da1e1cc54c81f64254b.png,2342.89,ГЕРМАНИЯ
КАПУР,2870,коричневый,200,e02e5de222efef38f557bbd057aa51d0.png,2342.89,ГЕРМАНИЯ
КАРОЛИНА,225,белый,240,a46d77db150d1882e285a8dbe4396950.jpg,3080.73,ГЕРМАНИЯ
КАРОЛИНА,1852,серый,240,cd3774bd8be90931a11055488363e583.jpg,3080.73,ГЕРМАНИЯ
КАРОЛИНА,2406,бежевый,240,f30e4b040ccacb74a26dea47acb8e331.jpg,3080.73,ГЕРМАНИЯ
КОНГО BLACK-OUT,1852,серый,240,5bfe3fc3ad5ea54fd1ec0e0f11df47a3.jpg,4580.86,ГЕРМАНИЯ
КРИС BLACK-OUT,225,белый,220,5c5d7a362b3af4009c50b87b84ef7214.jpg,1072.23,КИТАЙ
КРИС BLACK-OUT,2259,магнолия,220,ad064dc194a5bf3bf9dc9152756608ea.jpg,1072.23,КИТАЙ
КРИС BLACK-OUT,2406,бежевый,220,c60c0cd51dc030b12dad6d61306d9337.jpg,1072.23,КИТАЙ
ЛЁН,225,белый,200,8b56e0146b51b5fc30cad843725d515e.jpg,825.60,КИТАЙ
ЛЁН,2261,бежевый,200,e0aa42e4c5ca2055394c9ad6a50cf021.jpg,825.60,КИТАЙ
ЛЁН,2746,т.бежевый,200,a5546e2ac25c052f2ea36dd8c9666ae4.jpg,825.60,КИТАЙ
ЛЁН BLACK-OUT,2261,бежевый,200,acf143874e1027c912b981ae0936873f.jpg,1559.56,КИТАЙ
ЛЁН BLACK-OUT,2746,т.бежевый,200,afd495b9aae074f9b4a60ea90c208d0f.jpg,1559.56,КИТАЙ
ЛИМА,2747,т.бежевый,240,a40fcbc10e1b2f9fe2b8586009d1cefb.jpg,1846.42,ГЕРМАНИЯ
ЛИМА,4858,лиловый,240,b9925a8bb64fe0b18201eb3d5b5245f1.jpg,1846.42,ГЕРМАНИЯ
ЛИМА ПЕРЛА,225,белый,240,53b651924194bec18f4e2c970aed0793.png,2449.80,ГЕРМАНИЯ
ЛИМА ПЕРЛА,1852,серый,240,c227b35f5b5f062a6fe468b84abee40c.png,2449.80,ГЕРМАНИЯ
ЛИМА ПЕРЛА,2261,св.бежевый,240,b0175f8c8de7dffb461847fe40350783.png,2449.80,ГЕРМАНИЯ
ЛИМА ПЕРЛА,2746,т.бежевый,240,9357052f27dfd245d9bf42e4ba8905d7.png,2449.80,ГЕРМАНИЯ
ЛИНА,1608,св. серый,220,1c5914250f4d83cccafc14cf8d1dd7a1.jpg,632.83,КИТАЙ
ЛИНА,1881,т. серый,220,06f3b9c66805545cdb213e254208bda1.jpg,632.83,КИТАЙ
ЛИНА,2259,магнолия,220,5ab6c1bb70e7e2f5ad8105f04b49844c.jpg,632.83,КИТАЙ
ЛИНА,2261,св. бежевый,220,512c0a4fd54b7e0a25760ad78ff00156.jpg,632.83,КИТАЙ
ЛИНА,2406,бежевый,220,8abd01de86e956b32a964f9d5c944ab6.jpg,632.83,КИТАЙ
ЛИНА BLACK-OUT,1608,св. серый,220,5862010e158f1a985591cc6f85e29786.jpg,974.51,КИТАЙ
ЛИНА BLACK-OUT,1881,т. серый,220,023ab54af95053334573648b61612086.jpg,974.51,КИТАЙ
ЛИНА BLACK-OUT,2259,магнолия,220,64f880155024274f5a04d634ea4a48f3.jpg,974.51,КИТАЙ
ЛИНА BLACK-OUT,2261,св. бежевый,220,1cf55e46ff513acebb35aeff95381dc5.jpg,974.51,КИТАЙ
ЛИНА BLACK-OUT,2406,бежевый,220,afbe57e72d9f31ecde5fb8e54a7e0345.jpg,974.51,КИТАЙ
МАРЦИПАН,225,белый,280,197f5dafec23ff2ae9e773751bfd700d.jpg,1936.42,ТУРЦИЯ
МАРЦИПАН,1608,св. серый,280,f3395ea73ff5f3a32d586fdd69b9ccdd.jpg,1936.42,ТУРЦИЯ
МАРЦИПАН,2259,магнолия,280,a6688275f362f3eb2a7a9f1244f1c065.jpg,1936.42,ТУРЦИЯ
МЕМФИС,225,белый,300,23db9fd9a23e679532444b26b10d187d.jpg,1829.28,ТУРЦИЯ
МЕМФИС,2261,св. бежевый,300,e79ea39dc2c336b2799ba16dbfb6976d.jpg,1829.28,ТУРЦИЯ
МЕМФИС,2868,св. коричневый,300,054b277ba923c3cb22dc54242e105aed.jpg,1829.28,ТУРЦИЯ
НЕВАДА,225,белый,200,5fe843e8e452d430253c17361d939c75.jpg,1157.78,КИТАЙ
НЕВАДА,2406,бежевый,200,2955648dbf3c008cc7c7ebf4144c99d8.jpg,1157.78,КИТАЙ
НЕВАДА,2868,св.коричневый,200,51e5d9dce82fa1a66b4997ad3b13c37c.jpg,1157.78,КИТАЙ
НИКА,225,белый,220,cad97e09490647a00557fadf268d8fd2.jpg,884.59,КИТАЙ
НИКА,1608,св. серый,220,71ac9dabcf4d03cd0ee70504e99c8aea.jpg,884.59,КИТАЙ
НИКА,2261,св. бежевый,220,33b74d307127ced3e2b5b1abcc9a5f37.jpg,884.59,КИТАЙ
НИКА,2406,бежевый,220,f930c5f98b02d93990d13a7e475a8053.jpg,884.59,КИТАЙ
НОВА,225,белый,200,70115f2773d4a987d8ffb7db1b398689.jpg,2155.28,ШВЕЦИЯ
НОВА,1852,серый,200,edb2c1d194b3e58a85b9e105b0cf1665.jpg,2155.28,ШВЕЦИЯ
НОВА,2406,бежевый,200,6b7a81b2b09afd82fdaf1790413f31e8.jpg,2155.28,ШВЕЦИЯ
НОВА,2868,св. коричневый,200,afd497adb6c9343d09f314805f9fbfc1.jpg,2155.28,ШВЕЦИЯ
НОВА,2870,коричневый,200,c6e41e00b932dae872098e866d25eccc.jpg,2155.28,ШВЕЦИЯ
НОВА,5302,синий,200,7f3ca4e7947c68f4111ff718390fca6c.jpg,2155.28,ШВЕЦИЯ
НОВА,5850,зеленый,200,638d1e83a807b266fa345179536e3819.jpg,2155.28,ШВЕЦИЯ
ОМЕГА,225,белый,250,a4fbdb1743582f1091239458adc79108.jpg,843.57,ТУРЦИЯ
ОМЕГА,225,белый,300,0c3631bb4e2684cd948d332746e25eb1.jpg,843.57,ТУРЦИЯ
ОМЕГА,1881,серый,250,cf34f058ea832ab33cfc5ee8bfde9bd4.jpg,843.57,ТУРЦИЯ
ОМЕГА,1881,серый,300,ea193b3ee6c6b04d1460f57e81fe002d.jpg,843.57,ТУРЦИЯ
ОМЕГА,1882,т. серый,250,7eafd81dcbb88f689f7cb8b8a3dbf187.jpg,843.57,ТУРЦИЯ
ОМЕГА,1883,мокрый асфальт,250,b5a8713f7813e591d4d2679089328705.jpg,843.57,ТУРЦИЯ
ОМЕГА,2258,магнолия,250,71e9cd1cacffcfe427594b2c75533fc8.jpg,843.57,ТУРЦИЯ
ОМЕГА,2259,кремовый,250,9ff1ad216568ba442cfdb54115420d89.jpg,843.57,ТУРЦИЯ
ОМЕГА,2261,бежевый,250,b8869c6e06e6b507f5e5f07482f86e50.jpg,843.57,ТУРЦИЯ
ОМЕГА,2261,бежевый,300,e2b613411bde457fdc0fd5482de9e1b7.jpg,843.57,ТУРЦИЯ
ОМЕГА,2405,слоновая кость,250,d05825218f4a929ce80d4b4d023e558d.jpg,843.57,ТУРЦИЯ
ОМЕГА,2748,капуччино,250,b99f3f23feb78a40c0a2b10c64c80ed8.jpg,843.57,ТУРЦИЯ
ОМЕГА,2868,св. коричневый,250,8fdc2d7c5a4c6ed4c424b2f8f9f07ec3.jpg,843.57,ТУРЦИЯ
ОМЕГА,2870,коричневый,250,f998d7bb253c817205232eb30d5c5740.jpg,843.57,ТУРЦИЯ
ОМЕГА,2871,т. коричневый,250,a73100e32f1c8c781b05f782f062e3a8.jpg,843.57,ТУРЦИЯ
ОМЕГА,3465,желтый,250,c25da3e91847765cf5d64e3d00d3b22e.jpg,843.57,ТУРЦИЯ
ОМЕГА,4096,роза,250,731eb02eb51d7c489d91b7655da661b7.jpg,843.57,ТУРЦИЯ
ОМЕГА,4240,персиковый,250,8ad5b1a767e67ca05c0c4ac36c88523b.jpg,843.57,ТУРЦИЯ
ОМЕГА,4830,рубин,250,d83f21a39ecd071ed1018e7c722c23ee.jpg,843.57,ТУРЦИЯ
ОМЕГА,4858,лиловый,250,0a1590f2c7083c663ea45b0d63bf11a7.jpg,843.57,ТУРЦИЯ
ОМЕГА,4966,баклажан,250,7873b69d77e9e30a675e4cd755e5f311.jpg,843.57,ТУРЦИЯ
ОМЕГА,4967,св.сиреневый,250,19c15118b7daa2503eccf8a7fab92b70.jpg,843.57,ТУРЦИЯ
ОМЕГА,5173,голубой,250,e076709945577895896c5e489e600b27.jpg,843.57,ТУРЦИЯ
ОМЕГА,5300,деним,250,c17f511d7751bcae31fc24d783d68e71.jpg,843.57,ТУРЦИЯ
ОМЕГА,5586,оливковый,250,78955e72f573bd6a5d78b72b14975dca.jpg,843.57,ТУРЦИЯ
ОМЕГА,5850,св. зеленый,250,74aba65d49d4fe2c6333bd8fd52e5623.jpg,843.57,ТУРЦИЯ
ОМЕГА,5853,зеленый,250,7ead31f60da6ce48090b4d007415ebcd.jpg,843.57,ТУРЦИЯ
ОМЕГА,5880,т. зеленый,250,49828e00fa9a4bd35a668ac2445f171d.jpg,843.57,ТУРЦИЯ
ОМЕГА,5992,бирюзовый,250,73c446b07f0db5703ca10e28a8060c6f.jpg,843.57,ТУРЦИЯ
ОМЕГА BLACK-OUT,225,белый,300,a2830f325c994464c8b73a142a2fa19e.jpg,2146.01,ТУРЦИЯ
ОМЕГА BLACK-OUT,1881,серый,300,1e691fb7b6b8ce7eefb39e0346f73ac6.jpg,2146.01,ТУРЦИЯ
ОМЕГА BLACK-OUT,1908,черный,300,8c7e4e10a35bf2d6b044116709f909ad.jpg,2146.01,ТУРЦИЯ
ОМЕГА BLACK-OUT,2261,бежевый,300,e7d5bef8f3e39629080ce50db6095212.jpg,2146.01,ТУРЦИЯ
ОМЕГА FR,225,белый,250,a6c1599d22bdbbb6d7a6b0951a875607.jpg,1339.67,ТУРЦИЯ
ОМЕГА FR,1881,серый,250,4fcb4a0344629d07718037b5f8f664d1.jpg,1339.67,ТУРЦИЯ
ОМЕГА FR,2261,бежевый,250,73d851d36e68f7ce196aa123570da3f7.jpg,1339.67,ТУРЦИЯ
ОМЕГА FR BLACK-OUT,225,белый,250,90f904bc73656c2e1e1d555c768ad824.jpg,2419.47,ТУРЦИЯ
ОМЕГА FR BLACK-OUT,1881,серый,250,df2b41c16d843d3ecec09a1bd8df2052.jpg,2419.47,ТУРЦИЯ
ОМЕГА FR BLACK-OUT,2261,бежевый,250,8361af03db9766d0eb146f6a2b77e6a5.jpg,2419.47,ТУРЦИЯ
ОРБИТА BLACK-OUT,225,белый,260,8ff7cbee69cd15e30c1acb917e5090e0.jpg,1983.59,КИТАЙ
ОРБИТА BLACK-OUT,2746,бежевый,260,48453d9e49268f1a6a1f4ea616de737d.jpg,1983.59,КИТАЙ
ОСЛО BLACK-OUT,1608,св. серый,220,13031422966dffc94628daa04eb8c58b.jpg,1465.28,КИТАЙ
ОСЛО BLACK-OUT,2259,магнолия,220,d5c7457f178f349b12f0cfe33e401df2.jpg,1465.28,КИТАЙ
ОСЛО BLACK-OUT,2261,св. бежевый,220,111afd5551a36ae76270596854a61d03.jpg,1465.28,КИТАЙ
ПАЛЬМА,2871,коричневый,235,47a019c9148e9c7896df7f0457952e0a.jpg,2533.12,ГЕРМАНИЯ
ПАНАМА,2261,бежевый,200,a34662a6e7a10fe81ebd6ce0db4be5c1.jpg,2658.54,ГЕРМАНИЯ
ПАРИЖ,2261,светло-бежевый,200,522b638432b7908aeacafdbd01def400.png,1944.68,ГЕРМАНИЯ
ПЕРГОЛА,2746,бежевый,300,ce5f5cc92148e103510adeaebb0c8445.jpg,3050.94,ТУРЦИЯ
ПЕРЛ,221,молочный белый,250,80c44b7d6e378c8876bf308640c7eb14.jpg,1639.39,ТУРЦИЯ
ПЕРЛ,225,белый,250,c530b0253e3eb3d48db911c83472b5c2.png,1639.39,ТУРЦИЯ
ПЕРЛ,1852,серый,250,35954720a398f86b6c0161d1214bf4a0.png,1639.39,ТУРЦИЯ
ПЕРЛ,1854,графит,250,241b797003a9bff23e246e9065fcbc9a.jpg,1639.39,ТУРЦИЯ
ПЕРЛ,2258,серо-коричневый,250,3b8a3fd894a8e35bf658cb6e200b2bca.jpg,1639.39,ТУРЦИЯ
ПЕРЛ,2261,св. бежевый,250,6a4d30ad9da497c776f03ff7c23012ad.jpg,1639.39,ТУРЦИЯ
ПЕРЛ,2270,песочный,250,976cbf0bc194e8443bdaf897078f742a.jpg,1639.39,ТУРЦИЯ
ПЕРЛ,2868,св. коричневый,250,3f0000ef79380d2f3ca3e07d7714a609.jpg,1639.39,ТУРЦИЯ
ПЕРЛ,4063,персиковый,250,43ae98056bd4e574f6e4ce551d6abd22.jpg,1639.39,ТУРЦИЯ
ПЕРЛ,5850,зеленый,250,5d088de74679da50d7cd08af9e0519b7.jpg,1639.39,ТУРЦИЯ
ПЕРЛ,5879,оливковый,250,ab9c057bc87b3d33802be66b794e45ec.png,1639.39,ТУРЦИЯ
ПЛЭЙН BLACK-OUT,225,белый,200,13fb01bd0f7e3492a5be8c0d18fe73bd.jpg,885.29,КИТАЙ
ПЛЭЙН BLACK-OUT,1852,серый,200,852efb30f48cc49328d4b78277814afb.jpg,885.29,КИТАЙ
ПЛЭЙН BLACK-OUT,2261,св. бежевый,200,7bf16a6275e1ea20fcbb269d91ef6d3c.jpg,885.29,КИТАЙ
ПОЛЬКА BLACK-OUT,5302,синий,195,fd35297257af4ffffed9dc0067a27015.jpg,3114.65,ГЕРМАНИЯ
ПРОВАНС,225,белый,260,1e128cc78f8a06e5c35d88095e316102.jpg,2320.75,КОРЕЯ
ПТИЧКИ,225,белый,200,95afb52175640116a4ced7a07bc08916.jpg,1456.70,ФИНЛЯНДИЯ
ПТИЧКИ,2406,бежевый,200,b02c43c55c2f49d32d9da6312cccd317.jpg,1456.70,ФИНЛЯНДИЯ
ПУЭБЛО BLACK-OUT,2406,бежевый,200,cdfb3a9a942e9cbee060e412d804fece.jpg,1508.22,КИТАЙ
ПУЭБЛО BLACK-OUT,2870,коричневый,200,c2821e0b671fa54fb822cf42f0b192ad.jpg,1508.22,КИТАЙ
РАПСОДИЯ,1608,св. серый,200,8718fdfeae0824aeeb78e03eee094154.jpg,1539.05,ТУРЦИЯ
РАПСОДИЯ,2261,св. бежевый,200,4866b88c802f88a4a0d80834206a443a.jpg,1539.05,ТУРЦИЯ
РАПСОДИЯ,2865,мокко,200,43f76b674561726864fae9a562ee62ad.jpg,1539.05,ТУРЦИЯ
РИВЬЕРА,2259,магнолия,230,0c7c14803c64582381bdeadb9f014484.jpg,3091.37,ГЕРМАНИЯ
РИВЬЕРА,5480,аква,230,9a53a648ac1768c6af806b488f2be129.jpg,3091.37,ГЕРМАНИЯ
РУАН,225,белый,220,69d851647ddff7b8e1949ed002995e84.jpg,830.21,КИТАЙ
РУАН,1608,св. серый,220,320e88042f0e4895a052402d8b88a1be.jpg,830.21,КИТАЙ
РУАН,1852,серый,220,187bdd08f00b994dd5d23b9aa5cf28dd.jpg,830.21,КИТАЙ
РУАН,2261,св. бежевый,220,c2d29fbfe8a43c3dd6823fa26844da4d.jpg,830.21,КИТАЙ
САМИРА,225,белый,240,53c1ddd2d8953d7999f6a9c5df19c4d1.jpg,3051.29,ГЕРМАНИЯ
САМИРА,2406,бежевый,240,0956116950ae8a8773356d0d158f56dd.jpg,3051.29,ГЕРМАНИЯ
САМИРА,2870,коричневый,240,40d47cacbf420e9db2da59376ec422f2.jpg,3051.29,ГЕРМАНИЯ
САМИРА,5612,бирюзовый,240,3e4020d9d54005d467cb7dfa1266f8b8.jpg,3051.29,ГЕРМАНИЯ
САТАРА,2746,т.бежевый,240,9b90f35b362831d3ca09e27482898d93.jpg,1788.38,ТАЙВАНЬ
САТАРА,2870,коричневый,240,b865d6a657cbe03b639b2b2b9488024f.jpg,1788.38,ТАЙВАНЬ
САТИН BLACK-OUT,225,белый,195,9ea6e507387765103b2af496556e93a8.jpg,1548.86,ШВЕЦИЯ
САТИН BLACK-OUT,1608,св. серый,195,15d0b9d8ca4c460daf6d1b53acabd462.jpg,1548.86,ШВЕЦИЯ
САТИН BLACK-OUT,1854,графит,195,1dca1534cb79c64951f13eb028ae9b25.jpg,1548.86,ШВЕЦИЯ
САТИН BLACK-OUT,2261,св. бежевый,195,573f15e27ce087c7648ed99379e9c103.jpg,1548.86,ШВЕЦИЯ
САТИН BLACK-OUT,5470,т. синий,195,d31004b33ee896c46ebb8f3442700651.jpg,1548.86,ШВЕЦИЯ
САТИН BLACK-OUT,7013,серебро,195,1417973b37ae9403defc56d53b0b5798.jpg,1548.86,ШВЕЦИЯ
САФАРИ,2261,св. бежевый,240,173e960516fe268be2d78c789193d19c.jpg,1140.42,КИТАЙ
САФАРИ,2406,бежевый,240,ba7490bcd5c30f3c98f29d094fee2f4d.jpg,1140.42,КИТАЙ
САФАРИ,2868,св. коричневый,240,b427d37d86cdb33da30cac998035919c.jpg,1140.42,КИТАЙ
САФАРИ,2870,коричневый,240,f9b2144b52deb03e5c2d7a41df8430ee.jpg,1140.42,КИТАЙ
СИДЕ ВО,225,белый,280,3fc855849a33462895bcf6ca1e334bb7.jpg,1630.32,КИТАЙ 
СИДЕ ВО,1608,св. серый,280,8f2d216da924024536ad48ea3120c576.jpg,1630.32,КИТАЙ 
СИДЕ ВО,2259,магнолия,280,99043dc64e0b68d11a5924ef22201c2e.jpg,1630.32,КИТАЙ 
СИДЕ ВО,2406,бежевый,280,3d56e40fdf416b378e60225f5a2cada8.jpg,1630.32,КИТАЙ 
СИЛКСКРИН,225,белый,240,b03834bab272751ee1b8565a2c162103.jpg,4138.18,ГЕРМАНИЯ
СИЛКСКРИН,1608,серый,240,d6a1e48b28908e7cd4a0c1f88a5394aa.jpg,4138.18,ГЕРМАНИЯ
СИЛЬВИЯ,1608,св. серый,195,96d5290bafaa35b547f105e56c17474a.jpg,1508.69,ГЕРМАНИЯ
СИЛЬВИЯ,2259,магнолия,195,2deb7563f6aa6853b3f4886c40490a52.jpg,1508.69,ГЕРМАНИЯ
СИЛЬВИЯ,2261,св. бежевый,195,597472eebc3b4c964cc4e43fbaaaac2a.jpg,1508.69,ГЕРМАНИЯ
СКАЗКА,225,белый,200,afd5ca6073c8661ff4cf44f6ff9c858f.jpg,1559.21,ТУРЦИЯ
СКАНДИ,1852,серый,200,ec3cbca21a09702cc29583d06df0f674.jpg,1559.21,ТУРЦИЯ
СКАНДИ,5612,бирюзовый,200,a12fde2bf2ac7892b6bf34f23d5236a9.jpg,1559.21,ТУРЦИЯ
СКАНДИ,5852,салатовый,200,c92f03cd06ff5ade146ec382b177ad0f.jpg,1559.21,ТУРЦИЯ
СКРИН 1%,225,белый,300,fefd50f8a624ab9fcb2d1b46a5d99bef.jpg,2676.56,КИТАЙ
СКРИН 1%,1608,св. серый,300,ebbf67ea7f5172cc480180740708f1a5.jpg,2676.56,КИТАЙ
СКРИН 1%,2261,св. бежевый,300,a20cc50bbab4dbee458fe1fe888760e1.jpg,2676.56,КИТАЙ
СКРИН 3%,1852,серый,200,097b389d6ea169c538c0126bab4860bb.jpg,2504.50,КИТАЙ
СКРИН 3%,1852,серый,300,2cc156b87db0cff9784555efa6c419f9.jpg,2504.50,КИТАЙ
СКРИН 3%,2259,бежевый,300,b002c10523dc8f7965f070e2834ac5a1.jpg,2504.50,КИТАЙ
СКРИН 5%,225,белый,250,437f1dfe7d958c1909d6c8995b2d6770.jpg,2284.15,КИТАЙ
СКРИН 5%,225,белый,300,8cd1a82e1d7bcdb5c6d74bed7f932638.jpg,2284.15,КИТАЙ
СКРИН 5%,1608,св.серый,250,ed779c9f80150c1b02eba4ef41ac2367.jpg,2284.15,КИТАЙ
СКРИН 5%,1608,св.серый,300,0be50d28cda5fbfbfc26ee3edb217314.jpg,2284.15,КИТАЙ
СКРИН 5%,1852,серый,200,a29b468c211cbf4c1996a09210cfc427.jpg,2284.15,КИТАЙ
СКРИН 5%,1852,серый,250,5904d022d036edd90c388ab5a8e2a44c.jpg,2284.15,КИТАЙ
СКРИН 5%,1852,серый,300,4fc87bf0298881ae6ac4545a059b5b6a.jpg,2284.15,КИТАЙ
СКРИН 5%,1881,т.серый,300,fb3673a400a79012459ee95ee821a5df.jpg,2284.15,КИТАЙ
СКРИН 5%,1908,черный,300,812b0f9543640f102a1fab6c86459986.jpg,2284.15,КИТАЙ
СКРИН 5%,2259,бежевый,250,068f4dc937ba3ce6902acedc0d2e4465.jpg,2284.15,КИТАЙ
СКРИН 5%,2259,бежевый,300,da944301cf680d3773f42f8e2c38880a.jpg,2284.15,КИТАЙ
СКРИН 5%,2261,св.бежевый,300,8b524561c175b5c88f0b15827c0f4c89.jpg,2284.15,КИТАЙ
СКРИН 5%,2406,т.бежевый,250,87dee916d16296217f8aa7cc87006d64.jpg,2284.15,КИТАЙ
СОФИЯ,225,белый,200,43c73517d01d7091c779e2276ba582d0.jpg,885.29,КИТАЙ
СОФИЯ,1852,серый,200,cfac417412b8e40c724d1e0217cc29f1.jpg,885.29,КИТАЙ
СОФИЯ,2259,магнолия,200,4b16e72cb91159972174c9a9fefc7589.jpg,885.29,КИТАЙ
СОФИЯ,2406,бежевый,200,58ab183242c51cab3e5bbd2f9d165464.jpg,885.29,КИТАЙ
ТАЛЬНИК,1881,темно-серый,250,b4c49f504140d73b989ed93a0ce42de8.png,1673.99,КИТАЙ
ТАЛЬНИК,2261,светло-бежевый,250,46746f8594e2646e9d795ab6f6a4de1e.jpg,1673.99,КИТАЙ
ТОЛЕДО,225,белый,200,cb3c42dcfae55ce4f4874a21f29a32f3.jpg,2810.58,ГЕРМАНИЯ
ТРОПИК,225,белый,240,cca1dfbd4ae1534dfeb658560982a74c.jpg,2720.44,ГЕРМАНИЯ
ТРОПИК,1852,серый,240,a16d8baa022c3f75c532b2ed2ba828df.jpg,2720.44,ГЕРМАНИЯ
ФЛОРА,225,белый,200,f01020ee13424f6c9f1eb45bf774296d.jpg,1456.70,ФИНЛЯНДИЯ
ХАРИЗМА,225,белый,210,3b44a9d9257be5498c34951f2bf2448b.png,1453.03,ГЕРМАНИЯ
ХАРИЗМА,7013,серебро,210,2298e8cccb33e178504571bb5ddf505c.jpg,1453.03,ГЕРМАНИЯ
ЧЕЛСИ,1907,серый,230,4cfd9aee8b46034f2cc43f9aedcb115d.jpg,2717.65,ГЕРМАНИЯ
ЧЕЛСИ,2407,бежевый ,230,f2ca133d126588df99c0705707241f6a.jpg,2717.65,ГЕРМАНИЯ
ЧЕЛСИ,4082,св. розовый,230,024d4c81334b90cd294bdf1aeb502cf6.jpg,2717.65,ГЕРМАНИЯ
ШАНТУНГ,225,белый,180,9e08bcc471eea2a989f1cc96d5d11d09.png,1054.90,ТАЙВАНЬ
ШАНХАЙ,2868,св.коричневый,180,0dc460ee9f3a9ab804fc4752f69f9b7a.jpg,2045.54,ТАЙВАНЬ
ШАТО,225,белый,230,ee890dbca6c937e927d7d7d702fa73b2.jpg,3444.48,ГЕРМАНИЯ
ШАТО,1881,серый,230,3456c1f9042b9f875240b0205a8a2134.jpg,3444.48,ГЕРМАНИЯ
ШЁЛК,225,белый,200,bcf536134571f4300d5f907fced5c7b7.jpg,1125.49,ТАЙВАНЬ
ШЁЛК,1608,жемчужно-серый,200,9a134b05832da0a09e4259d8c97382b7.jpg,1125.49,ТАЙВАНЬ
ШЁЛК,2261,св. лимонный,200,2622f219a3841385dffbd1dcccbde4ae.jpg,1125.49,ТАЙВАНЬ
ШЁЛК,2549,св.бежевый,200,45d53006d2f62e90c2ea0062b11a0345.jpg,1125.49,ТАЙВАНЬ
ШЁЛК,2746,т.бежевый,200,af38696d84207c9ed3c2b5297edd1297.jpg,1125.49,ТАЙВАНЬ
ШЁЛК,2871,коричневый,200,d7a6c7dd550f30f08fd22451e9eebeff.jpg,1125.49,ТАЙВАНЬ
ШЁЛК,3465,желтый,200,8e05a716e3405c5065de37c701e0642d.jpg,1125.49,ТАЙВАНЬ
ШЁЛК,4240,персиковый,200,7f273a1d57db074974e53aa8e03fb020.jpg,1125.49,ТАЙВАНЬ
ШЁЛК,4454,бордо,200,b1824d0336f5dc60d94349c829fa1334.jpg,1125.49,ТАЙВАНЬ
ШЁЛК,4803,сиреневый,200,7adc23dae891a8ef2e8982509f39281a.jpg,1125.49,ТАЙВАНЬ
ШЁЛК,5172,морозно-голубой(светлый),200,4e9e802087a69737d2a2133691664c5a.jpg,1125.49,ТАЙВАНЬ
ШЁЛК,5608,св.зеленый,200,98f4c88c7b600162ba0948ca48208d2d.jpg,1125.49,ТАЙВАНЬ
ШЁЛК,5992,бирюзовый,200,723fa20eafa6edb3ff9a16d29d4cad65.jpg,1125.49,ТАЙВАНЬ
ЭЛВИС,2261,светло-бежевый 2261,195,1f9c5ee934df475aa8c513461e61c3ec.jpg,1637.01,ГЕРМАНИЯ
ЭЛЬБА,225,белый,220,4d1c9b69a843bfb805933d7caeb56c90.jpg,762.56,КИТАЙ
ЭЛЬБА,2259,магнолия,220,e5b6fdf2cda05801ab0513e33b01a1d5.jpg,762.56,КИТАЙ
ЭЛЬБА,2261,св. бежевый,220,18899e0daba2891aaada28cfff8a90fe.jpg,762.56,КИТАЙ
ЭЛЬБА,2840,карамель,220,ca5d7b2e4c9b56bc237d99e3883f42fe.jpg,762.56,КИТАЙ
ЭЛЬБА,2870,коричневый,220,64a5d2261e0483454e34a50fd10806e1.jpg,762.56,КИТАЙ
ЭЛЬБА,4063,персиковый,220,24ea8e2a5ec83fc9d07cc618f490e52d.jpg,762.56,КИТАЙ
ЭЛЬБА,5879,оливковый,220,d13d2af3e337c96fc2cb024b4cd980e5.jpg,762.56,КИТАЙ
ЮТА,1608,св. серый,300,671db2d0549bdd7ec9678455c60dfc99.jpg,1258.17,КИТАЙ
ЮТА,2406,бежевый,300,5f4bc014d9ff45206d7fdc6ce095a68d.jpg,1258.17,КИТАЙ
ЮТА,2868,св. коричневый,300,5ceb4f009e435a6ec8aa756dbc87fb81.jpg,1258.17,КИТАЙ
ЮТА BLACK-OUT,1608,св. серый,290,96b4cfb4213d6e3404a9c6b658ba5c8a.jpg,1848.59,КИТАЙ
ЮТА BLACK-OUT,2259,магнолия,290,888d5ef01e79a4b66f8c7ca4758d30f0.jpg,1848.59,КИТАЙ
ЮТА BLACK-OUT,2261,св. бежевый,290,235451233dffc5b04a1d740b723a1bfd.jpg,1848.59,КИТАЙ
ЮТА BLACK-OUT,2406,бежевый,290,de38740dad6e952db975f920dfd998c1.jpg,1848.59,КИТАЙ
ЮТА BLACK-OUT,2870,коричневый,290,d22aaf5ac23943fd812959d5bfa235f7.jpg,1848.59,КИТАЙ
ЯМАЙКА,1608,светло-серый,230,d27077687bb8ba163154c2a502864b38.jpg,2724.82,ГЕРМАНИЯ
ЯМАЙКА,1852,серый,230,ad27ee4b89a1ca3b3d24f93b66869c89.jpg,2724.82,ГЕРМАНИЯ
ЯМАЙКА,1854,графит,230,db4016db33fa952b769488a27561b951.jpg,2724.82,ГЕРМАНИЯ
ЯМАЙКА,2261,светло-бежевый,230,4ab5aab30e49504d08b97e4fd87105f9.jpg,2724.82,ГЕРМАНИЯ
ЯМАЙКА,2406,бежевый,230,0acaaa5b278f655640a6c7e7a4767789.jpg,2724.82,ГЕРМАНИЯ
ЯМАЙКА,2552,кремовый,230,fdb13ff9108f1bab854dbebc26a7d719.jpg,2724.82,ГЕРМАНИЯ
ЯМАЙКА,2875,каштановый,230,2570be74f7324e52e3d611ba4416a745.jpg,2724.82,ГЕРМАНИЯ
ЯМАЙКА,5173,голубой,230,6573708f556c60d4c8b294c3334acf46.jpg,2724.82,ГЕРМАНИЯ
ЯСМИН,1608,св. серый,230,6e61a697804dd2e7135be827148b493c.jpg,3458.78,ГЕРМАНИЯ
